"parameter","bias","rmse","coverage_90","correlation"
"split_time",-1778.02386895537,18967.6882313419,0.45,0.765385724349652
"admix_time",-377.512196553189,700.679547682736,0.46,0.315415603035607
"admix_frac",0.0184924839359477,0.0851191760477551,0.486666666666667,0.859366907294994
"ghost_ne",-2329.46997717469,13678.3289218702,0.616666666666667,0.294700707876549
