"","split_time","admix_time","admix_frac","ghost_ne"
"split_time",1,0.116153584546845,0.0804896659860782,0.284670458806904
"admix_time",0.116153584546845,1,0.00546668635730177,-0.0138897019221495
"admix_frac",0.0804896659860782,0.00546668635730177,1,0.0618786844056299
"ghost_ne",0.284670458806904,-0.0138897019221495,0.0618786844056299,1
